n,lam,beta,<rot_H1>,<-err,\int_0^{beta} \dtau <rot_H1(tau)rot_H1>,<--std,\int_0^{beta} \dtau tau <rot_H1(tau)rot_H1>,<--std,\int_0^{beta/2} \dtau tau <rot_H1(tau)rot_H1>,<--std,rng,eps,l,Tsteps,steps,stepsPerMeasurement,<sign>,<--std,<q>,qmax,time(s)
2,1.0,5.0,-0.70898,0.00287382566,6.59415931,0.0272751195,16.4853581,0.0681946906,4.04323474,0.0170802413,1370102282,None,0,100000,1000000,10,1,0,0.3315,6,1.72
100,1.0,5.0,-0.697648401,0.0106222284,6.48026677,0.0905673664,16.200774,0.226415653,3.97208031,0.0570087068,1370102282,None,121,100000,1000000,10,0.99954,0.000188934871,0.32407,4,10.05
2,1.0,5.0,-0.71338,0.00330745513,6.6322382,0.030233406,16.5805955,0.075583515,4.06623997,0.0186624081,3629902865,None,0,100000,1000000,10,1,0,0.33384,6,1.69
100,1.0,5.0,-0.713053077,0.0104724509,6.6407527,0.0971071069,16.6017811,0.242719037,4.07309,0.061320966,3629902865,None,78,100000,1000000,10,0.99838,0.000286760048,0.34512,5,28.34
2,1.0,5.0,-0.7087,0.00300174648,6.58149666,0.0282913946,16.4537216,0.0707294354,4.03386643,0.0176501655,116633646,None,0,100000,1000000,10,1,0,0.33708,6,1.72
100,1.0,5.0,-0.713356757,0.0151375977,6.59870891,0.145417665,16.4908854,0.363217957,4.04551386,0.0903813784,116633646,None,84,100000,1000000,10,0.99104,0.00310558404,0.48765,7,15.48
2,1.0,5.0,-0.70964,0.0032514874,6.60750213,0.0293648458,16.518655,0.0734094292,4.05268634,0.0181570705,2161158202,None,0,100000,1000000,10,1,0,0.32738,6,1.7
100,1.0,5.0,-0.697636554,0.0139631186,6.54616916,0.135680405,16.3605392,0.337984314,4.02684429,0.0845165508,2161158202,None,66,100000,1000000,10,0.84946,0.0131354403,1.42607,15,130.44
2,1.0,5.0,-0.71032,0.00325878337,6.60814295,0.0302270533,16.5203373,0.0755679493,4.05240834,0.0187347507,1224887876,None,0,100000,1000000,10,1,0,0.32932,6,1.73
100,1.0,5.0,-0.719715768,0.0113454949,6.67436051,0.103510033,16.6854387,0.259283241,4.0916497,0.0642793029,1224887876,None,89,100000,1000000,10,0.97098,0.00401590193,0.61346,11,45.82
2,1.0,5.0,-0.7147,0.00297392281,6.65462201,0.0270448171,16.6365952,0.0676039159,4.08162991,0.016754536,2172515818,None,0,100000,1000000,10,1,0,0.32522,6,1.7
100,1.0,5.0,-0.711225174,0.0121164779,6.61080645,0.113651468,16.5266548,0.284186674,4.05343279,0.0709806877,2172515818,None,53,100000,1000000,10,0.9994,0.00019053929,0.35587,5,7.37
2,1.0,5.0,-0.71022,0.00293972351,6.62061648,0.0276019281,16.5515211,0.0690047373,4.06168867,0.0172036459,2107545667,None,0,100000,1000000,10,1,0,0.32284,6,1.7
100,1.0,5.0,-0.699309099,0.0116547631,6.5288996,0.114226773,16.3088578,0.283696146,4.01943221,0.0722763281,2107545667,None,182,100000,1000000,10,0.94336,0.00550447441,0.57211,13,73.09
2,1.0,5.0,-0.7094,0.00318747549,6.61081791,0.0292678987,16.5270247,0.0731710535,4.05573205,0.0180846095,2270171661,None,0,100000,1000000,10,1,0,0.32112,6,1.71
100,1.0,5.0,-0.708499527,0.0104207466,6.59376084,0.101383269,16.4842692,0.253472758,4.04379559,0.063251024,2270171661,None,7,100000,1000000,10,0.99972,0.000189287398,0.33209,6,2.86
2,1.0,5.0,-0.70538,0.00307598262,6.56840308,0.0287373703,16.4210278,0.0718417287,4.0290509,0.0178757842,1679887754,None,0,100000,1000000,10,1,0,0.32416,6,1.7
100,1.0,5.0,-0.706695001,0.0323596771,6.69986467,0.363078163,16.7467506,0.908637283,4.11058964,0.224945081,1679887754,None,53,100000,1000000,10,0.54178,0.0270559091,4.64937,18,322.24
2,1.0,5.0,-0.71288,0.00311048596,6.63489081,0.0288816294,16.5872069,0.0722047174,4.06943691,0.0179453681,2910029232,None,0,100000,1000000,10,1,0,0.32812,6,1.68
100,1.0,5.0,-0.878694789,2.2945609,24.5369984,63.9801746,47.233404,165.365027,9.74412609,41.8100296,2910029232,None,99,100000,1000000,10,-0.00574,0.00341244615,26.85951,41,11579.73
2,1.0,5.0,-0.71322,0.00305566273,6.64569501,0.0282018373,16.6142375,0.0705045934,4.0767665,0.0174880105,2684078236,None,0,100000,1000000,10,1,0,0.3212,6,1.57
100,1.0,5.0,-0.78708936,0.0676993379,7.69065981,0.930608048,19.4606902,2.34818346,4.64218331,0.567685733,2684078236,None,37,100000,1000000,10,0.1255,0.0126108021,10.84189,32,1815.3
2,1.0,5.0,-0.70898,0.00319918388,6.5983343,0.0288999506,16.4958357,0.0722498765,4.04659446,0.0178328804,966760014,None,0,100000,1000000,10,1,0,0.33186,6,1.75
100,1.0,5.0,-0.69734171,0.0115307903,6.46712273,0.103592159,16.1663621,0.258934713,3.96486135,0.0649017624,966760014,None,93,100000,1000000,10,0.9979,0.000480503417,0.35686,5,11.9
2,1.0,5.0,-0.7109,0.00280553813,6.61819418,0.0264685453,16.5454654,0.0661714986,4.05921995,0.0165223537,1539112871,None,0,100000,1000000,10,1,0,0.32298,6,1.69
100,1.0,5.0,-0.706585491,0.0118810728,6.57116918,0.106345654,16.4276821,0.265862591,4.03015134,0.0667474743,1539112871,None,135,100000,1000000,10,0.99784,0.00065960436,0.35259,6,32.72
2,1.0,5.0,-0.70528,0.00301916343,6.56934505,0.0276972582,16.4233626,0.0692431455,4.02976987,0.0171712834,1879308759,None,0,100000,1000000,10,1,0,0.32096,6,1.66
100,1.0,5.0,-0.701470174,0.010583969,6.52906843,0.105215312,16.3201913,0.263119412,4.00825147,0.066781536,1879308759,None,151,100000,1000000,10,0.98806,0.00288392331,0.45068,8,54.54
2,1.0,5.0,-0.7115,0.00303079906,6.62562521,0.0270999747,16.564063,0.0677499369,4.06362247,0.0167209416,827874989,None,0,100000,1000000,10,1,0,0.32488,6,1.69
100,1.0,5.0,-0.668482764,0.0213951849,6.15418782,0.217924615,15.3900294,0.545168235,3.76664095,0.135233414,827874989,None,2,100000,1000000,10,0.95376,0.00251825655,1.75715,16,31.14
2,1.0,5.0,-0.70944,0.00309623842,6.61072104,0.0298692185,16.5268227,0.0746753839,4.05525465,0.0186782517,1313211672,None,0,100000,1000000,10,1,0,0.32178,6,1.72
100,1.0,5.0,-0.69340231,0.0378318652,6.49689371,0.46024764,16.2014347,1.15070932,4.00116047,0.287178396,1313211672,None,26,100000,1000000,10,0.43424,0.0269586492,6.12567,20,358
2,1.0,5.0,-0.70976,0.00312994502,6.59794198,0.0288249881,16.4948349,0.0720613076,4.04489084,0.0178622306,185933287,None,0,100000,1000000,10,1,0,0.32994,6,1.73
100,1.0,5.0,-0.707915959,0.01154819,6.57170615,0.10240409,16.4297828,0.256019316,4.02710008,0.0644326174,185933287,None,163,100000,1000000,10,0.99928,0.000230954019,0.34524,4,32.64
2,1.0,5.0,-0.70588,0.00315351885,6.57611074,0.029217415,16.4402769,0.0730435375,4.03365743,0.0181636332,2643867551,None,0,100000,1000000,10,1,0,0.32386,8,1.73
100,1.0,5.0,-0.698712901,0.0112628989,6.53183956,0.101542907,16.3367794,0.254042357,4.00650043,0.0630964473,2643867551,None,172,100000,1000000,10,0.99166,0.00213776936,0.3997,7,49.71
2,1.0,5.0,-0.71312,0.00323364939,6.6383403,0.0301602432,16.5958708,0.0753989971,4.07131556,0.0187340488,1400802099,None,0,100000,1000000,10,1,0,0.32454,6,1.7
100,1.0,5.0,-0.720523813,0.0145761303,6.64033849,0.162652309,16.6318135,0.405632734,4.04047258,0.100754978,1400802099,None,189,100000,1000000,10,0.7359,0.0170366826,1.92699,15,306.31
2,1.0,5.0,-0.70846,0.0030647159,6.59846818,0.0288387079,16.4961905,0.0720957746,4.0475259,0.0180051323,309524274,None,0,100000,1000000,10,1,0,0.32546,6,1.71
100,1.0,5.0,-0.72382423,0.0108704598,6.71364355,0.109877978,16.789482,0.27431382,4.11511221,0.0690212554,309524274,None,88,100000,1000000,10,0.95172,0.00522622427,0.61641,17,63.81
2,1.0,5.0,-0.7127,0.00302134973,6.63458903,0.0280857645,16.5864726,0.0702144114,4.06924577,0.0174615548,463614167,None,0,100000,1000000,10,1,0,0.32242,6,1.71
100,1.0,5.0,-0.667042005,0.0221640216,6.18375915,0.224191624,15.4702938,0.559161371,3.776444,0.139915146,463614167,None,31,100000,1000000,10,0.6759,0.0228592419,3.03785,18,205.01
2,1.0,5.0,-0.7124,0.00307211843,6.63790768,0.0281078971,16.5947291,0.0702679527,4.07240711,0.0174243669,984633678,None,0,100000,1000000,10,1,0,0.32418,6,1.73
100,1.0,5.0,-0.729636405,0.0127408474,6.83014848,0.12580192,17.0770341,0.314624248,4.19350596,0.0782517856,984633678,None,16,100000,1000000,10,0.98498,0.00455766251,0.48249,8,6.65
2,1.0,5.0,-0.71304,0.00293774659,6.63665756,0.0279891514,16.5916439,0.0699728786,4.07020223,0.0174967634,1740697352,None,0,100000,1000000,10,1,0,0.32926,6,1.73
100,1.0,5.0,-0.714685774,0.0121871863,6.60748846,0.10694367,16.5170773,0.267309731,4.04821314,0.0671181091,1740697352,None,191,100000,1000000,10,0.9942,0.00132804171,0.37356,8,49.25
2,1.0,5.0,-0.711,0.00310770515,6.62441776,0.0284018404,16.5610845,0.0710034003,4.06381388,0.0176143685,3748383779,None,0,100000,1000000,10,1,0,0.32208,6,1.69
100,1.0,5.0,-0.676564776,0.0142440879,6.31036623,0.143822845,15.7726076,0.359215947,3.87678262,0.0895715128,3748383779,None,47,100000,1000000,10,0.9732,0.00495058311,0.52876,10,13.34
2,1.0,5.0,-0.71282,0.00307127356,6.62953912,0.0292361426,16.5738478,0.0730903564,4.06491917,0.0182762632,3085492750,None,0,100000,1000000,10,1,0,0.32572,6,1.71
100,1.0,5.0,-0.712729944,0.0114567181,6.64872368,0.113109163,16.6204394,0.282599165,4.0813477,0.0707726486,3085492750,None,24,100000,1000000,10,0.9973,0.000492555014,0.35838,7,5.47
2,1.0,5.0,-0.70954,0.00297059782,6.6090483,0.0281061942,16.5226208,0.0702654855,4.05397125,0.0175340728,2902098116,None,0,100000,1000000,10,1,0,0.32762,6,1.74
100,1.0,5.0,-0.691797292,0.016797678,6.46388494,0.169755842,16.1580254,0.424251076,3.96998129,0.105698063,2902098116,None,62,100000,1000000,10,0.97666,0.00450307543,0.52925,7,15.35
2,1.0,5.0,-0.71676,0.00319003368,6.67133489,0.0289847427,16.6783171,0.0724623368,4.09121251,0.0179292593,1493382549,None,0,100000,1000000,10,1,0,0.32802,6,1.71
100,1.0,5.0,0.0224797908,2.06919213,-74.9708993,78.6058255,-187.407506,196.59375,-48.6902833,49.9416755,1493382549,None,10,100000,1000000,10,0.00458,0.00425309885,19.18639,38,2705.18
2,1.0,5.0,-0.71106,0.00294185718,6.61352672,0.0266747539,16.5337566,0.0666908857,4.05469526,0.0164857072,3026438146,None,0,100000,1000000,10,1,0,0.32914,6,1.78
100,1.0,5.0,-0.72387195,0.0110109657,6.66677315,0.100009911,16.6669329,0.250024776,4.07831345,0.0631799087,3026438146,None,59,100000,1000000,10,1,0,0.38468,4,7.4
2,1.0,5.0,-0.7078,0.00297064622,6.60137127,0.0275763893,16.5034282,0.0689409733,4.05098851,0.0171447218,3864133010,None,0,100000,1000000,10,1,0,0.3204,6,1.75
100,1.0,5.0,-0.569461587,0.100867905,5.76269752,1.29413603,14.2155378,3.22803547,3.62353698,0.809169078,3864133010,None,3,100000,1000000,10,0.1496,0.018089008,11.60385,29,880.03
2,1.0,5.0,-0.70826,0.00316054517,6.60251479,0.0296634861,16.506307,0.0741538671,4.05083803,0.018441429,2631191514,None,0,100000,1000000,10,1,0,0.31992,6,1.72
100,1.0,5.0,-0.733410855,0.0825462899,7.17891909,1.51153807,17.9380047,3.78371904,4.40885701,0.943458317,2631191514,None,73,100000,1000000,10,0.1948,0.0220165655,11.71724,28,1467.35
2,1.0,5.0,-0.71066,0.00319202344,6.62407922,0.0291521081,16.5601981,0.0728802701,4.06372796,0.0180035228,1544744623,None,0,100000,1000000,10,1,0,0.32138,6,1.74
100,1.0,5.0,-0.705813381,0.013474953,6.66507336,0.152662815,16.6687957,0.383502368,4.09766159,0.0946640571,1544744623,None,20,100000,1000000,10,0.88542,0.0113774814,1.12948,15,39.19
2,1.0,5.0,-0.71196,0.00288254573,6.64503325,0.0269283203,16.6126556,0.0673206961,4.07747104,0.0167412104,3277886342,None,0,100000,1000000,10,1,0,0.32002,6,1.72
100,1.0,5.0,-0.685386746,0.0183720514,6.28967671,0.185286309,15.7211202,0.463063768,3.84771003,0.114988457,3277886342,None,74,100000,1000000,10,0.93154,0.00916929756,0.92765,13,32.85
2,1.0,5.0,-0.7164,0.00295021611,6.6678421,0.0279474027,16.6696052,0.0698685068,4.08922224,0.0174951387,4109413259,None,0,100000,1000000,10,1,0,0.32744,6,1.65
100,1.0,5.0,-0.721963608,0.0117658336,6.66880421,0.104405135,16.6726439,0.261065757,4.08373465,0.0667850133,4109413259,None,157,100000,1000000,10,0.99908,0.000178723722,0.4174,6,50.82
2,1.0,5.0,-0.71452,0.00303273281,6.65681001,0.0286387084,16.6420451,0.0715933401,4.08350297,0.0178262713,2796826566,None,0,100000,1000000,10,1,0,0.32586,6,1.92
100,1.0,5.0,-0.69166455,0.0232319779,6.39477151,0.239529438,15.9972185,0.598900421,3.91552983,0.14851248,2796826566,None,44,100000,1000000,10,0.77312,0.0222712978,2.34009,15,110.68
2,1.0,5.0,-0.7139,0.00291450465,6.65774756,0.0272877798,16.6443365,0.0682246583,4.0853812,0.0169658932,593867960,None,0,100000,1000000,10,1,0,0.31718,6,1.73
100,1.0,5.0,-0.705909445,0.0117288774,6.62826941,0.116006571,16.5418263,0.289973514,4.08037343,0.0727819379,593867960,None,176,100000,1000000,10,0.9527,0.0072957076,0.69393,10,83.9
2,1.0,5.0,-0.70904,0.00330879223,6.59932288,0.0309246953,16.4983473,0.077310821,4.04769815,0.0191918408,1999566690,None,0,100000,1000000,10,1,0,0.32974,6,1.78
100,1.0,5.0,-0.775107851,0.0343412614,6.40120112,0.313360822,16.0038608,0.783577789,3.92444725,0.197299858,1999566690,None,100,100000,1000000,10,0.1654,0.021503884,11.89191,24,2141.14
2,1.0,5.0,-0.7121,0.00307463388,6.63230528,0.028810307,16.5807833,0.0720254437,4.06786256,0.0179374515,1365603128,None,0,100000,1000000,10,1,0,0.32774,6,1.78
100,1.0,5.0,-0.69272568,0.0221924632,6.54235814,0.234934251,16.3626471,0.588034016,4.0206113,0.146220559,1365603128,None,51,100000,1000000,10,0.7976,0.0203122453,1.88569,17,155.6
2,1.0,5.0,-0.71206,0.00312822133,6.61490223,0.029349443,16.537308,0.0733713562,4.05458401,0.0182914984,3116011270,None,0,100000,1000000,10,1,0,0.33788,6,1.75
100,1.0,5.0,-0.71146431,0.0118265303,6.60902199,0.115713627,16.5223599,0.289274503,4.0503603,0.0731382722,3116011270,None,92,100000,1000000,10,0.99762,0.000379365355,0.38219,6,34.19
2,1.0,5.0,-0.70866,0.00316196294,6.59707717,0.02949079,16.492713,0.0737269373,4.04588065,0.0183375997,3923723647,None,0,100000,1000000,10,1,0,0.3219,6,1.74
100,1.0,5.0,-0.710687494,0.0119393408,6.64459017,0.110667321,16.6166791,0.276315801,4.07702886,0.0693260993,3923723647,None,89,100000,1000000,10,0.9837,0.0041375982,0.46451,10,37.97
2,1.0,5.0,-0.70698,0.00309915107,6.57304897,0.0281959154,16.4326224,0.0704897886,4.03000225,0.0174206061,1405552382,None,0,100000,1000000,10,1,0,0.33052,8,1.74
100,1.0,5.0,-0.685476812,0.0210385728,6.46964526,0.241597238,16.2853951,0.603004171,3.9959119,0.148417532,1405552382,None,88,100000,1000000,10,0.44476,0.0226768589,5.48428,24,832.59
2,1.0,5.0,-0.7135,0.00310230514,6.63952682,0.0284190801,16.598817,0.0710477003,4.07170892,0.0176260854,2904898082,None,0,100000,1000000,10,1,0,0.3277,6,1.76
100,1.0,5.0,-0.696372549,0.0685318685,6.65904126,0.932439899,17.0632629,2.29055743,4.1730104,0.579464553,2904898082,None,199,100000,1000000,10,0.15988,0.0161170151,8.87378,28,1900.67
2,1.0,5.0,-0.71176,0.0032179856,6.62884942,0.0298584362,16.5721236,0.0746460905,4.0659545,0.018534452,2206110902,None,0,100000,1000000,10,1,0,0.32588,8,1.81
100,1.0,5.0,-0.720157738,0.013807074,6.70148501,0.131785658,16.7522976,0.329128364,4.10754799,0.0820795662,2206110902,None,189,100000,1000000,10,0.99228,0.00197514841,0.44709,8,58.5
2,1.0,5.0,-0.70696,0.00307154213,6.57739314,0.0287085746,16.4435029,0.0717716803,4.03402629,0.0178642347,3890146427,None,0,100000,1000000,10,1,0,0.32272,6,1.76
100,1.0,5.0,-0.697100165,0.0120519032,6.55588265,0.116046898,16.3889784,0.289906393,4.02920893,0.0719149539,3890146427,None,29,100000,1000000,10,0.99434,0.00151811604,0.36168,6,15.52
2,1.0,5.0,-0.70922,0.00309234812,6.6081137,0.028733111,16.5202318,0.0718393377,4.05349814,0.0178338307,1033691786,None,0,100000,1000000,10,1,0,0.32216,6,1.8
100,1.0,5.0,-0.66762275,0.0194942647,6.23165832,0.19130995,15.5038073,0.480132973,3.81973175,0.118187466,1033691786,None,132,100000,1000000,10,0.6026,0.0250948914,3.57263,18,508.74
2,1.0,5.0,-0.7121,0.00316690339,6.62210524,0.0288183611,16.5553032,0.0720469906,4.06005569,0.0178203744,1305568115,None,0,100000,1000000,10,1,0,0.3272,6,1.79
100,1.0,5.0,-0.707411955,0.0118631744,6.55148377,0.106119581,16.3756606,0.265199515,4.01328144,0.0661299427,1305568115,None,149,100000,1000000,10,0.9957,0.000615104392,0.40485,6,49.46
2,1.0,5.0,-0.70604,0.00308872701,6.58644878,0.0284535038,16.4661219,0.0711337595,4.04105538,0.0176489428,2666264218,None,0,100000,1000000,10,1,0,0.31892,6,1.78
100,1.0,5.0,-0.711346898,0.0228165265,6.72066317,0.239570673,16.8575293,0.600393183,4.11756292,0.14934783,2666264218,None,96,100000,1000000,10,0.60948,0.0260241261,4.09496,22,595.73
2,1.0,5.0,-0.71238,0.00337379197,6.62310142,0.0306786253,16.5577736,0.0766975332,4.06042186,0.0188611011,1193423336,None,0,100000,1000000,10,1,0,0.3322,6,1.78
100,1.0,5.0,-0.71715804,0.0118562422,6.52752247,0.101255709,16.3195114,0.253154263,3.98962128,0.064379495,1193423336,None,170,100000,1000000,10,0.99172,0.00339775593,0.48873,7,62.02
2,1.0,5.0,-0.70838,0.00308856916,6.60570164,0.0286508192,16.5142541,0.0716270479,4.05358931,0.0177732133,316042340,None,0,100000,1000000,10,1,0,0.31796,6,1.76
100,1.0,5.0,-0.698154913,0.014285676,6.53992484,0.135607297,16.3502612,0.338972429,4.01584105,0.0842068793,316042340,None,86,100000,1000000,10,0.99632,0.000792174578,0.37796,8,12.73
2,1.0,5.0,-0.71324,0.0029680375,6.6535664,0.0271043088,16.633916,0.0677642733,4.08312656,0.0167779295,2972217193,None,0,100000,1000000,10,1,0,0.3204,6,1.77
100,1.0,5.0,-0.715546201,0.0134729297,6.68828687,0.120797996,16.740097,0.304407435,4.10182683,0.0758052362,2972217193,None,119,100000,1000000,10,0.98026,0.00463305411,0.53938,8,51.7
2,1.0,5.0,-0.70944,0.00332900506,6.57959109,0.0309431198,16.4489627,0.0773582245,4.03138305,0.0192310849,120783945,None,0,100000,1000000,10,1,0,0.3462,8,1.82
100,1.0,5.0,-0.715463669,0.0137301143,6.67384654,0.135989323,16.6893027,0.340294276,4.09240571,0.0839832854,120783945,None,3,100000,1000000,10,0.98108,0.00160975141,0.71921,11,6.45
2,1.0,5.0,-0.70826,0.00326775189,6.60306166,0.0302550838,16.5076542,0.0756377095,4.05097166,0.018766762,4198334275,None,0,100000,1000000,10,1,0,0.3245,6,1.75
100,1.0,5.0,-0.642382293,0.0374185097,5.88621348,0.540227109,14.6742987,1.35604341,3.64512262,0.33518268,4198334275,None,46,100000,1000000,10,0.36766,0.0270608584,7.83973,31,1182.08
2,1.0,5.0,-0.7071,0.00291422904,6.59130629,0.0268880715,16.4782657,0.0672201787,4.04370224,0.0167133952,167272076,None,0,100000,1000000,10,1,0,0.32446,6,1.79
100,1.0,5.0,-0.717522849,0.013964145,6.64132673,0.138954437,16.6100164,0.34724561,4.06373847,0.08733952,167272076,None,102,100000,1000000,10,0.97044,0.00520179394,0.59945,12,47.29
2,1.0,5.0,-0.71394,0.00323073617,6.64645923,0.0302875217,16.6161481,0.0757188041,4.07655058,0.0187937187,2084310749,None,0,100000,1000000,10,1,0,0.3253,6,1.76
100,1.0,5.0,-0.729843269,0.0275730276,6.72883502,0.317143798,16.8302911,0.793104367,4.11638748,0.19675993,2084310749,None,58,100000,1000000,10,0.63042,0.0271440249,4.29153,21,326.48
2,1.0,5.0,-0.71168,0.00297525106,6.60813273,0.0272251932,16.5203318,0.068062983,4.05038897,0.0168642663,981201754,None,0,100000,1000000,10,1,0,0.33492,6,1.68
100,1.0,5.0,-0.71369897,0.0113119854,6.65095365,0.109454664,16.6263783,0.273520311,4.07873327,0.0686892086,981201754,None,26,100000,1000000,10,0.99698,0.0024622284,0.36368,6,5.16
2,1.0,5.0,-0.71024,0.00304737849,6.60451941,0.0276954977,16.5112985,0.0692387443,4.04953263,0.0171780238,1941422520,None,0,100000,1000000,10,1,0,0.3255,6,1.8
100,1.0,5.0,-0.710758626,0.0157891678,6.60805847,0.151595609,16.5156976,0.382142863,4.05722982,0.0932092882,1941422520,None,144,100000,1000000,10,0.7319,0.0210006588,2.36082,14,356.08
2,1.0,5.0,-0.71056,0.00309013614,6.62424155,0.0285507855,16.5606039,0.0713769636,4.06431598,0.0177341265,1969874232,None,0,100000,1000000,10,1,0,0.32162,6,1.78
100,1.0,5.0,-0.720013158,0.0119620985,6.72474391,0.119913641,16.8231055,0.30061321,4.12025454,0.0752986826,1969874232,None,164,100000,1000000,10,0.96768,0.00699219806,0.57508,9,71.25
2,1.0,5.0,-0.70528,0.00279322301,6.56647756,0.0266260797,16.416234,0.066565731,4.02719124,0.0166921939,1089504624,None,0,100000,1000000,10,1,0,0.3316,6,1.77
100,1.0,5.0,-0.705506495,0.0129699351,6.60399819,0.154852696,16.5099262,0.390269547,4.04831648,0.0957976301,1089504624,None,136,100000,1000000,10,0.98428,0.00403910682,0.53896,7,61.57
2,1.0,5.0,-0.70456,0.00320755033,6.55121524,0.029460181,16.3779779,0.0736505347,4.01664872,0.0182610998,3925654872,None,0,100000,1000000,10,1,0,0.32826,6,1.77
100,1.0,5.0,-0.70490046,0.0127523534,6.49615569,0.121463161,16.2358399,0.303847992,3.97721494,0.0756101416,3925654872,None,183,100000,1000000,10,0.96896,0.00414036764,0.60365,10,75.7
2,1.0,5.0,-0.70888,0.00308666363,6.60088258,0.0283940584,16.5022065,0.0709851459,4.04866395,0.0175844008,1635187307,None,0,100000,1000000,10,1,0,0.32832,6,1.79
100,1.0,5.0,-0.728796332,0.0110149826,6.72091408,0.109954364,16.794434,0.274401788,4.12133172,0.0698028155,1635187307,None,196,100000,1000000,10,0.9707,0.00577607933,0.61834,13,82
2,1.0,5.0,-0.70926,0.0033686199,6.59358941,0.0312892276,16.4839133,0.0782274413,4.04269158,0.0194398666,3066238109,None,0,100000,1000000,10,1,0,0.32762,6,1.78
100,1.0,5.0,-0.695684453,0.011752548,6.48329153,0.111889485,16.2083101,0.279734306,3.97934667,0.0702693408,3066238109,None,45,100000,1000000,10,0.99828,0.000276536235,0.38592,6,8.64
2,1.0,5.0,-0.7082,0.00298467303,6.58958008,0.027540407,16.4739502,0.0688510175,4.0412911,0.0170960024,4023596244,None,0,100000,1000000,10,1,0,0.32488,6,1.77
100,1.0,5.0,-0.699862132,0.012407396,6.50298887,0.122138566,16.25551,0.305297215,3.98791245,0.0762544897,4023596244,None,33,100000,1000000,10,0.992,0.00231409163,0.39584,8,7.71
2,1.0,5.0,-0.71122,0.00295033291,6.61718121,0.0279961352,16.5429731,0.0699895449,4.05766576,0.0175262546,3528225635,None,0,100000,1000000,10,1,0,0.33238,6,1.79
100,1.0,5.0,-0.683692478,0.0147189081,6.32108925,0.14309964,15.8023677,0.357627557,3.87267136,0.0886860365,3528225635,None,49,100000,1000000,10,0.98578,0.00239736435,0.49868,8,12.62
2,1.0,5.0,-0.71122,0.00282445687,6.62434784,0.0268799674,16.5608696,0.0672012169,4.06280667,0.0168826029,3298922368,None,0,100000,1000000,10,1,0,0.3316,6,1.8
100,1.0,5.0,-0.716904854,0.0713819362,6.86170525,0.831401009,17.1826579,2.08387488,4.19409934,0.515897374,3298922368,None,4,100000,1000000,10,0.26238,0.0205366003,9.18051,24,442.8
2,1.0,5.0,-0.70826,0.00330708889,6.5978593,0.0302411498,16.4946683,0.0756030798,4.04674128,0.0186310143,955659914,None,0,100000,1000000,10,1,0,0.32656,6,1.77
100,1.0,5.0,-0.713929666,0.0202960276,6.70230373,0.210211451,16.7557152,0.526183453,4.11349021,0.130248344,955659914,None,37,100000,1000000,10,0.88466,0.0151912552,1.31537,13,46.73
2,1.0,5.0,-0.71502,0.00305393262,6.65060568,0.0278977663,16.6264941,0.0697447936,4.07829466,0.017263022,3498504272,None,0,100000,1000000,10,1,0,0.32892,8,1.78
100,1.0,5.0,-0.692965928,0.0384988955,6.46243905,0.452047124,16.1809734,1.13414503,3.94743234,0.279940877,3498504272,None,31,100000,1000000,10,0.39972,0.0269970489,6.03834,17,334.19
2,1.0,5.0,-0.7094,0.00314319562,6.60532775,0.02842423,16.5132793,0.0710606718,4.05094307,0.0175513026,2005153104,None,0,100000,1000000,10,1,0,0.32812,6,1.77
100,1.0,5.0,-0.712559075,0.0128401523,6.55999124,0.118977426,16.4005843,0.297620029,4.0088641,0.0739432917,2005153104,None,161,100000,1000000,10,0.9233,0.00770219027,0.85586,10,101.96
2,1.0,5.0,-0.71096,0.00300179224,6.62766888,0.027045832,16.5691521,0.0676141769,4.06640368,0.0166490741,365680250,None,0,100000,1000000,10,1,0,0.31702,6,1.76
100,1.0,5.0,-0.670070298,0.0248867211,6.26962133,0.253823032,15.7302732,0.638911361,3.86327124,0.160769968,365680250,None,118,100000,1000000,10,0.42938,0.0269249825,6.52289,23,1104.93
2,1.0,5.0,-0.7108,0.00309330148,6.614802,0.0287551624,16.5369849,0.0718884695,4.05653713,0.0178633684,3415748027,None,0,100000,1000000,10,1,0,0.33016,6,1.79
100,1.0,5.0,-0.694761962,0.0124236462,6.49694709,0.125032351,16.2238244,0.311445813,3.99340804,0.0782668089,3415748027,None,108,100000,1000000,10,0.9081,0.0119559583,1.01754,12,94.51
2,1.0,5.0,-0.71338,0.00330939735,6.62886124,0.0303419023,16.5721732,0.0758554741,4.06303991,0.0187920638,2556728122,None,0,100000,1000000,10,1,0,0.3369,6,1.79
100,1.0,5.0,-0.733155836,0.0125338466,6.75228362,0.113465145,16.8875857,0.283798531,4.1275416,0.0707064424,2556728122,None,171,100000,1000000,10,0.92896,0.00565966437,0.76599,10,90.77
2,1.0,5.0,-0.71638,0.00313958762,6.67501172,0.0286514453,16.6875293,0.0716286133,4.09494158,0.0177296618,1943401384,None,0,100000,1000000,10,1,0,0.31632,6,1.76
100,1.0,5.0,-0.730066422,0.0192769753,6.83096978,0.201880043,17.0797986,0.504682687,4.19310496,0.126136147,1943401384,None,50,100000,1000000,10,0.90706,0.0140080379,1.06439,11,32.57
2,1.0,5.0,-0.7083,0.00302652929,6.59789534,0.0281962306,16.4947384,0.0704917342,4.04738492,0.0175438707,1376792554,None,0,100000,1000000,10,1,0,0.32568,6,1.76
100,1.0,5.0,-0.716693928,0.0113277786,6.68124886,0.118922693,16.7021096,0.297688558,4.09950861,0.0748800813,1376792554,None,152,100000,1000000,10,0.98036,0.00517270811,0.50329,8,58.89
2,1.0,5.0,-0.71184,0.00314879616,6.63407575,0.0283961987,16.5851894,0.0709904967,4.07025168,0.0175296366,3742337845,None,0,100000,1000000,10,1,0,0.32262,6,1.78
100,1.0,5.0,-0.694370291,0.012945487,6.46799986,0.122508199,16.1687161,0.306354084,3.9681627,0.07628508,3742337845,None,46,100000,1000000,10,0.9749,0.00268738687,0.47896,9,24.16
2,1.0,5.0,-0.70982,0.00287355174,6.61419317,0.0271701894,16.5354829,0.0679254736,4.05759303,0.0169585524,1059681274,None,0,100000,1000000,10,1,0,0.32074,6,1.78
100,1.0,5.0,-0.703757422,0.013841127,6.63544535,0.138462476,16.5860501,0.346015765,4.08343341,0.0870653164,1059681274,None,161,100000,1000000,10,0.9927,0.00170236075,0.40163,7,44.33
2,1.0,5.0,-0.70958,0.00344755521,6.61581004,0.031471662,16.5395251,0.078679155,4.05946389,0.0194293129,589891671,None,0,100000,1000000,10,1,0,0.31728,6,1.77
100,1.0,5.0,-0.721073599,0.0153055302,6.77182895,0.150774468,16.9300135,0.376955023,4.16016473,0.0944425312,589891671,None,170,100000,1000000,10,0.9973,0.000490921599,0.34247,5,42.69
2,1.0,5.0,-0.71356,0.00303892181,6.63545586,0.029276676,16.5886397,0.0731905416,4.0679005,0.0183811665,1015707617,None,0,100000,1000000,10,1,0,0.33808,6,1.82
100,1.0,5.0,-0.701921044,0.0168703211,6.56680062,0.17006608,16.4130716,0.42477034,4.03043296,0.105666097,1015707617,None,89,100000,1000000,10,0.88424,0.0144849766,1.36356,15,156.2
2,1.0,5.0,-0.71036,0.0031369481,6.6185121,0.029618152,16.5463003,0.074046166,4.06041014,0.0184726411,2834120170,None,0,100000,1000000,10,1,0,0.32166,6,1.78
100,1.0,5.0,-0.714955636,0.0116501037,6.66114708,0.10652526,16.6529093,0.266310858,4.08444968,0.0669066505,2834120170,None,83,100000,1000000,10,0.99956,0.000136013229,0.33392,4,8.93
2,1.0,5.0,-0.71252,0.00299614853,6.64930456,0.0278005523,16.6232413,0.0695012855,4.08064185,0.0172828494,3978301935,None,0,100000,1000000,10,1,0,0.32274,6,1.67
100,1.0,5.0,-0.722759658,0.0124721191,6.78505406,0.11838316,16.9589028,0.295998626,4.17208952,0.0745827658,3978301935,None,173,100000,1000000,10,0.995,0.000986250862,0.33971,6,44.83
2,1.0,5.0,-0.71146,0.00303312926,6.62363477,0.0284211422,16.559107,0.0710524808,4.06240375,0.0176579723,2457553573,None,0,100000,1000000,10,1,0,0.3264,6,1.77
100,1.0,5.0,-0.708090978,0.0134074588,6.66935333,0.134343779,16.6721405,0.335854948,4.10250348,0.0838924635,2457553573,None,29,100000,1000000,10,0.9891,0.0035494725,0.42286,7,8.29
2,1.0,5.0,-0.7113,0.00308995652,6.62070177,0.0282668321,16.5517143,0.0706662284,4.06081429,0.0175103798,1054649413,None,0,100000,1000000,10,1,0,0.31954,6,1.77
100,1.0,5.0,-0.707867502,0.0125669702,6.6823233,0.116865114,16.6999956,0.291025255,4.11449609,0.0724575402,1054649413,None,131,100000,1000000,10,0.84342,0.0164775134,0.97093,14,147.83
2,1.0,5.0,-0.71112,0.00311824892,6.60547953,0.0290611293,16.5136788,0.0726527795,4.04892977,0.0181090482,3736065955,None,0,100000,1000000,10,1,0,0.33806,6,1.79
100,1.0,5.0,-0.703620795,0.0121484627,6.61542739,0.11641638,16.5416027,0.291249139,4.07011537,0.0728622481,3736065955,None,91,100000,1000000,10,0.99678,0.000581963164,0.30795,6,28.72
2,1.0,5.0,-0.7114,0.00307799549,6.62120263,0.0286608988,16.5530066,0.0716522469,4.06043394,0.0178217676,1924539507,None,0,100000,1000000,10,1,0,0.32694,6,1.8
100,1.0,5.0,-0.70180294,0.0128165812,6.4692988,0.11514105,16.1730003,0.287848042,3.96637171,0.0720942746,1924539507,None,133,100000,1000000,10,0.99012,0.00337507138,0.43263,6,49.32
2,1.0,5.0,-0.70848,0.00312284599,6.60516019,0.0288098003,16.5129406,0.072022988,4.05257512,0.0179216154,1066740066,None,0,100000,1000000,10,1,0,0.32172,8,1.77
100,1.0,5.0,-6.35431054,2.53389368,47.4670318,66.4865358,87.9912945,173.141575,61.7727005,40.5659575,1066740066,None,29,100000,1000000,10,-0.00274,0.00366311935,19.12244,34,3462.13
2,1.0,5.0,-0.70982,0.00316143148,6.61609626,0.028414408,16.5402206,0.0710338127,4.05937376,0.0174887619,4190091642,None,0,100000,1000000,10,1,0,0.32056,6,1.77
100,1.0,5.0,-0.744149246,0.0271868094,6.98872344,0.286745457,17.4688466,0.71693853,4.295047,0.179134672,4190091642,None,70,100000,1000000,10,0.7999,0.0203011355,1.97474,14,208.44
2,1.0,5.0,-0.71006,0.00279607901,6.61652762,0.0264569105,16.541299,0.0661447383,4.0590283,0.0164797951,4106875694,None,0,100000,1000000,10,1,0,0.32226,6,1.73
100,1.0,5.0,-0.701595928,0.014721385,6.55286662,0.148896822,16.3868184,0.371719231,4.01979548,0.0926910999,4106875694,None,120,100000,1000000,10,0.8388,0.0163387779,1.63114,18,241.04
2,1.0,5.0,-0.70426,0.00313469534,6.57216447,0.027950554,16.4303911,0.069877762,4.03328609,0.0172101157,4206712692,None,0,100000,1000000,10,1,0,0.31794,6,1.77
100,1.0,5.0,-0.708464999,0.0101626201,6.60626473,0.0958774288,16.5153683,0.239722639,4.05285557,0.0601627209,4206712692,None,17,100000,1000000,10,0.9998,0.00010139588,0.33906,6,4.08
2,1.0,5.0,-0.70974,0.0029918446,6.60829738,0.0272802975,16.5206832,0.0682001776,4.05277354,0.0168739351,3966559838,None,0,100000,1000000,10,1,0,0.32516,6,1.76
100,1.0,5.0,-0.682830583,0.0138036975,6.32509385,0.134559052,15.813158,0.336353158,3.88672127,0.0840862314,3966559838,None,195,100000,1000000,10,0.92496,0.0118763033,0.93023,12,115.86
2,1.0,5.0,-0.71376,0.00302071988,6.64043549,0.0279594317,16.6010363,0.0698957293,4.07209136,0.0173511507,2781301355,None,0,100000,1000000,10,1,0,0.33368,6,1.79
100,1.0,5.0,-0.713614116,0.0108350257,6.67718873,0.098661084,16.6928466,0.246637624,4.09972782,0.0612870819,2781301355,None,36,100000,1000000,10,0.99988,6.2914489e-05,0.2996,4,4.82
2,1.0,5.0,-0.71304,0.00316542466,6.63339529,0.0303439645,16.5834882,0.0758599111,4.06740319,0.0190000782,310751418,None,0,100000,1000000,10,1,0,0.32836,6,1.8
100,1.0,5.0,-0.72817615,0.0147982027,6.79519643,0.15156492,16.9964998,0.37940148,4.16947813,0.0945968193,310751418,None,143,100000,1000000,10,0.87202,0.0152895769,1.22554,14,174.13
2,1.0,5.0,-0.70534,0.00284031816,6.57559824,0.0269039364,16.4390234,0.0672549851,4.03376726,0.0167840672,1957216706,None,0,100000,1000000,10,1,0,0.32652,6,1.79
100,1.0,5.0,-0.722236815,0.0252462451,6.76282315,0.275101351,16.8893536,0.686721771,4.14306023,0.171575515,1957216706,None,43,100000,1000000,10,0.70622,0.024187372,3.13806,19,182.94
2,1.0,5.0,-0.70524,0.00324807166,6.57473475,0.0299856573,16.436877,0.0749672598,4.03382426,0.0186088488,3153889764,None,0,100000,1000000,10,1,0,0.31904,6,1.75
100,1.0,5.0,-0.714859056,0.0143169094,6.59546683,0.134780762,16.5015459,0.336961767,4.03142321,0.0834718679,3153889764,None,72,100000,1000000,10,0.96538,0.00574769226,0.65866,8,45.19
2,1.0,5.0,-0.71032,0.00321860655,6.60880527,0.030718585,16.521973,0.0767921116,4.05290883,0.0192257792,3114679332,None,0,100000,1000000,10,1,0,0.33136,6,1.77
100,1.0,5.0,-0.70670402,0.0129180604,6.61901203,0.116248284,16.5478817,0.290958938,4.0631981,0.0708615262,3114679332,None,83,100000,1000000,10,0.99772,0.00110566558,0.3565,7,12.35
2,1.0,5.0,-0.70536,0.00307109232,6.56610099,0.0276662333,16.4152726,0.0691658755,4.02703828,0.0170739811,532428812,None,0,100000,1000000,10,1,0,0.3348,6,1.78
100,1.0,5.0,-0.673622206,0.021125184,6.35460132,0.188915929,15.9298731,0.466035143,3.89083253,0.118538144,532428812,None,110,100000,1000000,10,0.73106,0.0192210745,2.23049,16,298.59
2,1.0,5.0,-0.71372,0.0031116839,6.65045495,0.0287061953,16.6261173,0.0717639902,4.07972114,0.0178255892,1067073608,None,0,100000,1000000,10,1,0,0.31908,6,1.72
100,1.0,5.0,-0.690118608,0.0203584912,6.45777179,0.212506263,16.1440474,0.531116925,3.97333973,0.132687087,1067073608,None,85,100000,1000000,10,0.86396,0.0179989645,1.47121,14,84.73
2,1.0,5.0,-0.71374,0.00307986882,6.63992567,0.0286198754,16.5998142,0.0715509786,4.07158778,0.0177531777,3333709682,None,0,100000,1000000,10,1,0,0.32928,8,1.72
100,1.0,5.0,-0.712591202,0.0111671256,6.72266422,0.108152227,16.8082607,0.270382087,4.13610003,0.0678293892,3333709682,None,111,100000,1000000,10,0.99468,0.00113381327,0.35206,7,35.52
2,1.0,5.0,-0.70822,0.00329983059,6.59929939,0.030768798,16.4982284,0.0769233435,4.04784041,0.0190458176,2285602057,None,0,100000,1000000,10,1,0,0.3234,6,1.71
100,1.0,5.0,-0.722645227,0.0192995514,6.7587695,0.199356221,16.8956998,0.498299993,4.14811386,0.124157957,2285602057,None,86,100000,1000000,10,0.91932,0.0126226573,0.96676,12,81.26
2,1.0,5.0,-0.70996,0.00300227384,6.61547686,0.0275754743,16.5386921,0.0689386857,4.05818484,0.01711785,3105502193,None,0,100000,1000000,10,1,0,0.3253,6,1.72
100,1.0,5.0,-0.702169722,0.0136815145,6.56235728,0.128095965,16.4071885,0.320282521,4.03137728,0.0792129523,3105502193,None,128,100000,1000000,10,0.9892,0.00277391753,0.42744,8,47.01
2,1.0,5.0,-0.70876,0.00308478739,6.60312726,0.0282758737,16.507758,0.0706884831,4.05057907,0.0175433931,3623364247,None,0,100000,1000000,10,1,0,0.3258,6,1.7
100,1.0,5.0,-0.730513866,0.011894888,6.78773479,0.123538166,16.9702944,0.308602629,4.15659284,0.0774294568,3623364247,None,198,100000,1000000,10,0.96522,0.00696314209,0.62697,10,75.01
2,1.0,5.0,-0.71348,0.00310711685,6.63403712,0.0290603137,16.5851129,0.0726531063,4.06753448,0.0181072734,440895945,None,0,100000,1000000,10,1,0,0.32934,6,1.64
100,1.0,5.0,-0.712259853,0.0134458588,6.67324997,0.12948366,16.6784697,0.325584288,4.09616572,0.0795456224,440895945,None,41,100000,1000000,10,0.712,0.0205967791,2.49603,16,183.22
2,1.0,5.0,-0.70772,0.00297823537,6.58524492,0.0275804146,16.4630722,0.0689527047,4.03847536,0.0171399828,414461690,None,0,100000,1000000,10,1,0,0.32262,6,1.67
100,1.0,5.0,-0.699689241,0.0119522583,6.50411261,0.109852599,16.2621544,0.274486876,3.98627684,0.0689681793,414461690,None,201,100000,1000000,10,0.9818,0.00421936633,0.52441,9,63.65
2,1.0,5.0,-0.70458,0.00307465582,6.55012521,0.0281042006,16.375313,0.0702605015,4.01590851,0.0174192901,1939027982,None,0,100000,1000000,10,1,0,0.32618,6,1.69
100,1.0,5.0,-0.713153627,0.0106963223,6.64270283,0.0946064415,16.6065396,0.236494484,4.07685664,0.0589289134,1939027982,None,63,100000,1000000,10,0.99834,0.000539017401,0.33671,6,18.98